{
  "cause_mean": 0.38267,
  "cause_median": 0.1238,
  "police_station_enc": 0.07196,
  "station_mean": 0.04096,
  "station_x_cause": 0.03895,
  "hour_cos": 0.03071,
  "cause_p90": 0.02974,
  "cause_x_zone": 0.02429,
  "corridor_mean": 0.02389,
  "day_of_week": 0.02149,
  "corridor_enc": 0.01871,
  "month": 0.01713,
  "hour_sin": 0.01632,
  "hour": 0.01384,
  "is_night": 0.01301,
  "cause_x_closure": 0.01296,
  "corridor_cnt": 0.01234,
  "cause_x_rush": 0.0089,
  "requires_road_closure": 0.00838,
  "is_rush": 0.00671,
  "event_cause_enc": 0.00584,
  "cause_x_night": 0.00558,
  "zone_enc": 0.00485,
  "cause_std": 0.00296,
  "is_weather": 0.0015,
  "is_weekend": 0.00015
}