{
  "corridor_loo": 3.85657,
  "corridor_mean": 3.05197,
  "corridor_enc": 0.30066,
  "corridor_cnt": 0.27551,
  "cause_rolling_30d": 0.27311,
  "hour_cause_mean": 0.26184,
  "station_loo": 0.15903,
  "zone_cause_loo": 0.0785,
  "cause_median": 0.06795,
  "cause_p90": 0.06484,
  "police_station_enc": 0.05315,
  "station_mean": 0.03997,
  "station_x_cause": 0.03823,
  "hour_sin": 0.02388,
  "cause_x_zone": 0.01957,
  "concurrent_corridor_events": 0.01301,
  "cause_x_night": 0.01211,
  "cause_mean": 0.00954,
  "zone_enc": 0.00903,
  "event_cause_enc": 0.00843,
  "hour_cos": 0.00827,
  "dow": 0.00819,
  "hour": 0.00755,
  "cause_x_rush": 0.00542,
  "month": 0.00507,
  "requires_road_closure": 0.00393,
  "is_night": 0.00373,
  "is_rush": 0.00365,
  "cause_p10": 0.00316,
  "cause_x_closure": 0.0028,
  "is_weather": 0.00253,
  "concurrent_zone_events": 0.00189,
  "is_weekend": 1e-05
}