{
  "veh_cause_loo": 1.2845,
  "event_cause_enc": 0.41957,
  "cause_mean": 0.17723,
  "corridor_mean": 0.13669,
  "cause_rolling_30d": 0.11561,
  "hour_cause_mean": 0.11071,
  "cause_x_zone": 0.09025,
  "corridor_cnt": 0.08677,
  "corridor_loo": 0.06022,
  "cause_p10": 0.04966,
  "log_hawkes_zone": 0.03384,
  "is_weather": 0.02468,
  "cause_p90": 0.02003,
  "station_x_cause": 0.01986,
  "station_loo": 0.01514,
  "lat_norm": 0.01163,
  "cause_median": 0.01117,
  "corridor_enc": 0.01064,
  "station_mean": 0.00943,
  "text_svd_3": 0.00713,
  "police_station_enc": 0.00587,
  "lon_norm": 0.00576,
  "text_svd_1": 0.00511,
  "text_svd_4": 0.00484,
  "text_svd_5": 0.00477,
  "text_svd_2": 0.00428,
  "zone_enc": 0.00428,
  "text_svd_6": 0.00369,
  "text_svd_0": 0.00367,
  "zone_cause_loo": 0.00325,
  "concurrent_corridor_events": 0.00301,
  "hour": 0.00283,
  "text_svd_7": 0.00267,
  "hour_cos": 0.00247,
  "hour_sin": 0.00213,
  "dow": 0.00184,
  "concurrent_zone_events": 0.0014,
  "month": 0.00132,
  "officer_active_load": 0.00074,
  "is_rush": 0.0006,
  "cause_x_night": 0.00051,
  "requires_road_closure": 0.00047,
  "is_high_priority": 0.00044,
  "cause_x_closure": 0.00035,
  "cause_x_rush": 0.0003,
  "is_night": 0.00023,
  "is_weekend": 0.00012,
  "has_description": 9e-05,
  "is_civic": 0.0
}