{
  "cluster_dur_loo": 0.15433,
  "corridor_loo": 0.05843,
  "zone_cause_loo": 0.04979,
  "hour_cause_mean": 0.04048,
  "veh_cause_loo": 0.03311,
  "cause_mean": 0.03208,
  "corridor_mean": 0.02089,
  "cluster_id": 0.01068,
  "cause_median": 0.00892,
  "station_mean": 0.00837,
  "cause_rolling_30d": 0.00828,
  "cause_p90": 0.00798,
  "cluster_density": 0.00619,
  "officer_dur_loo": 0.0059,
  "is_high_priority": 0.00531,
  "corridor_cnt": 0.00499,
  "station_loo": 0.00467,
  "cause_x_zone": 0.00389,
  "corridor_enc": 0.00206,
  "pin_code_loo": 0.00201,
  "event_cause_enc": 0.00183,
  "cause_p10": 0.00178,
  "zone_enc": 0.0017,
  "log_hawkes_cause": 0.00112,
  "officer_active_load": 0.0011,
  "is_weather": 0.00099,
  "log_hawkes_zone": 0.00081,
  "congestion_x_response": 0.00075,
  "police_station_enc": 0.00071,
  "police_response_eta_mins": 0.00069,
  "text_svd_11": 0.00069,
  "corridor_stress_index": 0.00059,
  "text_svd_8": 0.00053,
  "text_svd_4": 0.0005,
  "text_svd_13": 0.00049,
  "text_svd_14": 0.00045,
  "text_svd_10": 0.00044,
  "description_len": 0.00043,
  "text_svd_2": 0.0004,
  "text_svd_3": 0.00038,
  "text_svd_5": 0.00035,
  "hour_cos": 0.00034,
  "hour": 0.00034,
  "nearest_station_km": 0.00032,
  "officer_event_cnt": 0.00032,
  "hour_sin": 0.00032,
  "text_svd_0": 0.00032,
  "text_svd_7": 0.00028,
  "month": 0.00028,
  "text_svd_9": 0.00027,
  "text_svd_15": 0.00027,
  "text_svd_12": 0.00026,
  "is_night": 0.00025,
  "text_svd_6": 0.00024,
  "tod_congestion_idx": 0.00022,
  "dow": 0.00021,
  "text_svd_1": 0.00019,
  "addr_road_class": 0.00013,
  "cause_x_night": 0.00011,
  "cause_x_closure": 8e-05,
  "cause_x_rush": 8e-05,
  "requires_road_closure": 3e-05,
  "is_junction": 2e-05,
  "is_weekend": 1e-05,
  "is_rush": 0.0,
  "has_description": 0.0,
  "concurrent_zone_events": 0.0,
  "concurrent_corridor_events": 0.0
}