{
  "veh_cause_loo": 1.54206,
  "corridor_loo": 1.38965,
  "corridor_mean": 0.66983,
  "cause_mean": 0.49902,
  "hour_cause_mean": 0.37644,
  "cause_median": 0.36435,
  "is_high_priority": 0.21523,
  "corridor_cnt": 0.20884,
  "event_cause_enc": 0.19623,
  "cause_p90": 0.15847,
  "cause_rolling_30d": 0.13847,
  "is_weather": 0.08417,
  "cause_x_zone": 0.08072,
  "station_loo": 0.08022,
  "cause_p10": 0.06509,
  "text_svd_4": 0.05227,
  "zone_cause_loo": 0.0383,
  "corridor_enc": 0.03375,
  "text_svd_3": 0.03064,
  "nearest_station_dist_km": 0.02883,
  "corridor_stress_index": 0.02749,
  "text_svd_6": 0.02702,
  "hawkes_cause_intensity": 0.02472,
  "log_hawkes_cause": 0.02303,
  "station_mean": 0.02213,
  "police_station_enc": 0.02073,
  "text_svd_1": 0.01924,
  "text_svd_0": 0.01851,
  "text_svd_2": 0.01831,
  "station_x_cause": 0.01639,
  "cause_x_night": 0.01559,
  "nearest_station_eta_min": 0.01361,
  "hour_sin": 0.0133,
  "congestion_x_eta": 0.01327,
  "concurrent_corridor_events": 0.01319,
  "text_svd_7": 0.01165,
  "hour": 0.01005,
  "text_svd_5": 0.01003,
  "bengaluru_congestion_idx": 0.0099,
  "hour_cos": 0.00963,
  "month": 0.00886,
  "dow": 0.00765,
  "log_hawkes_zone": 0.00719,
  "concurrent_zone_events": 0.00706,
  "officer_active_load": 0.00511,
  "hawkes_zone_intensity": 0.00483,
  "zone_event_density": 0.00479,
  "zone_enc": 0.00381,
  "cause_x_closure": 0.00289,
  "has_description": 0.00283,
  "road_class_score": 0.0024,
  "cause_x_rush": 0.00137,
  "is_night": 0.00118,
  "corridor_network_score": 0.00073,
  "requires_road_closure": 0.00061,
  "is_weekend": 0.00035,
  "is_rush": 0.00015
}