{"density": {"Airport New South Road": 0.0, "Bannerghata Road": 0.0, "Bellary Road 1": 0.0, "Bellary Road 2": 0.0, "CBD 1": 0.0, "CBD 2": 0.0, "Hennur Main Road": 0.08333333333333333, "Hosur Road": 0.0, "IRR(Thanisandra road)": 0.0625, "Magadi Road": 0.0, "Mysore Road": 0.0641025641025641, "Non-corridor": 0.087248322147651, "ORR East 1": 0.0, "ORR East 2": 0.375, "ORR North 1": 0.03125, "ORR North 2": 0.09090909090909091, "ORR West 1": 0.0, "Old Airport Road": 0.3333333333333333, "Old Madras Road": 0.0, "Tumkur Road": 0.0, "Varthur Road": 0.2222222222222222, "West of Chord Road": 0.0, "unknown": 0.0}, "centrality": {"Airport New South Road": 0.013422818791946308, "Bannerghata Road": 0.050335570469798654, "Bellary Road 1": 0.2214765100671141, "Bellary Road 2": 0.09060402684563758, "CBD 1": 0.013422818791946308, "CBD 2": 0.016778523489932886, "Hennur Main Road": 0.040268456375838924, "Hosur Road": 0.0436241610738255, "IRR(Thanisandra road)": 0.053691275167785234, "Magadi Road": 0.12080536912751678, "Mysore Road": 0.26174496644295303, "Non-corridor": 1.0, "ORR East 1": 0.06711409395973154, "ORR East 2": 0.08053691275167785, "ORR North 1": 0.10738255033557047, "ORR North 2": 0.11073825503355705, "ORR West 1": 0.053691275167785234, "Old Airport Road": 0.010067114093959731, "Old Madras Road": 0.07718120805369127, "Tumkur Road": 0.1610738255033557, "Varthur Road": 0.030201342281879196, "West of Chord Road": 0.10738255033557047, "unknown": 0.010067114093959731}}